user_id,purchase_date,product_category,region,age,purchase_amount,age_group
2,2025-12-15,Home,West,37,635.48,Middle Aged
3,2025-09-28,Electronics,East,30,1571.63,Middle Aged
5,2025-03-13,Clothing,East,15,95.35,Teen
7,2025-01-21,Clothing,South,11,1067.39,Teen
8,2025-04-13,Electronics,East,38,326.15,Middle Aged
9,2025-05-02,Home,East,52,246.28,Older Adult
10,2025-08-03,Clothing,West,48,297.06,Older Adult
11,2025-11-27,Beauty,East,26,731.53,Young Adult
12,2025-03-29,Clothing,East,52,293.5,Older Adult
13,2025-04-10,Electronics,South,32,507.82,Middle Aged
14,2025-12-26,Beauty,East,24,411.36,Young Adult
15,2025-06-01,Clothing,South,20,382.69,Young Adult
16,2025-05-11,Beauty,South,25,659.12,Young Adult
17,2025-05-30,Electronics,South,24,288.59,Young Adult
18,2025-11-05,Home,South,32,298.45,Middle Aged
19,2025-09-15,Electronics,North,32,705.09,Middle Aged
20,2025-12-10,Electronics,West,30,202.18,Middle Aged
21,2025-10-21,Electronics,North,36,217.86,Middle Aged
22,2025-07-11,Electronics,East,47,166.96,Older Adult
26,2025-01-22,Clothing,East,44,733.38,Middle Aged
27,2025-09-10,Home,East,9,273.45,Teen
28,2025-08-24,Home,North,26,219.17,Young Adult
29,2025-12-11,Clothing,North,12,351.79,Teen
31,2025-02-28,Electronics,West,38,305.98,Middle Aged
33,2025-07-07,Clothing,South,21,671.13,Young Adult
36,2025-06-24,Clothing,West,35,245.92,Middle Aged
37,2025-02-20,Clothing,South,7,194.35,Teen
38,2025-12-30,Electronics,East,32,191.7,Middle Aged
39,2025-02-24,Beauty,East,29,364.63,Young Adult
40,2025-09-01,Home,East,38,207.9,Middle Aged
41,2025-11-16,Electronics,North,31,447.32,Middle Aged
42,2025-05-11,Clothing,South,15,425.77,Teen
43,2025-11-03,Beauty,West,47,823.04,Older Adult
44,2025-05-15,Home,West,27,494.63,Young Adult
45,2025-01-21,Home,West,29,301.48,Young Adult
46,2025-11-25,Electronics,North,16,537.86,Teen
47,2025-06-16,Beauty,North,23,196.15,Young Adult
48,2025-10-01,Beauty,East,16,392.8,Teen
49,2025-03-30,Clothing,West,27,504.51,Young Adult
50,2025-11-12,Beauty,North,55,441.65,Older Adult
51,2025-01-14,Beauty,East,9,539.45,Teen
52,2025-08-30,Electronics,West,5,257.02,Teen
53,2025-09-22,Beauty,South,52,903.63,Older Adult
54,2025-12-12,Home,East,26,1444.5,Young Adult
55,2025-02-22,Electronics,North,19,131.38,Young Adult
56,2025-12-06,Electronics,North,45,172.27,Older Adult
57,2025-04-02,Clothing,East,20,415.78,Young Adult
58,2025-09-21,Beauty,East,57,337.11,Older Adult
59,2025-02-04,Clothing,North,40,1521.56,Middle Aged
60,2025-07-25,Home,South,22,470.52,Young Adult
61,2025-03-22,Electronics,West,62,1069.32,Older Adult
62,2025-02-19,Electronics,South,20,96.12,Young Adult
63,2025-12-26,Electronics,East,41,713.31,Middle Aged
64,2025-01-02,Home,South,34,244.48,Middle Aged
65,2025-02-23,Home,North,49,241.75,Older Adult
66,2025-04-16,Clothing,East,150,339.05,Senior
67,2025-09-17,Clothing,West,30,148.83,Middle Aged
68,2025-11-06,Clothing,North,18,550.02,Young Adult
69,2025-07-10,Beauty,North,36,461.05,Middle Aged
70,2025-08-06,Electronics,West,19,486.06,Young Adult
71,2025-02-13,Electronics,West,60,750.64,Older Adult
72,2025-06-11,Clothing,South,32,1164.85,Middle Aged
74,2025-09-27,Clothing,West,32,563.49,Middle Aged
75,2025-12-17,Beauty,West,9,495.26,Teen
76,2025-10-31,Beauty,East,15,525.49,Teen
77,2025-09-28,Home,West,48,531.03,Older Adult
78,2025-08-03,Beauty,West,20,1228.26,Young Adult
79,2025-09-09,Clothing,South,14,292.43,Teen
80,2025-07-09,Beauty,North,38,138.65,Middle Aged
81,2025-10-23,Home,North,47,247.52,Older Adult
82,2025-08-01,Electronics,North,40,685.46,Middle Aged
83,2025-07-27,Clothing,North,44,410.07,Middle Aged
84,2025-08-25,Electronics,West,18,290.81,Young Adult
85,2025-12-04,Home,East,8,189.89,Teen
86,2025-02-22,Home,East,52,471.02,Older Adult
87,2025-10-07,Home,South,25,633.43,Young Adult
88,2025-08-05,Electronics,South,26,499.75,Young Adult
89,2025-09-09,Electronics,West,49,337.87,Older Adult
90,2025-07-07,Electronics,East,38,447.04,Middle Aged
91,2025-02-10,Electronics,East,36,445.23,Middle Aged
92,2025-06-06,Home,North,62,460.72,Older Adult
93,2025-01-15,Home,West,20,176.09,Young Adult
94,2025-10-28,Clothing,West,43,463.19,Middle Aged
95,2025-03-06,Clothing,North,30,296.36,Middle Aged
96,2025-12-11,Electronics,West,34,835.84,Middle Aged
97,2025-11-23,Beauty,West,52,442.77,Older Adult
98,2025-01-09,Beauty,South,37,724.03,Middle Aged
99,2025-12-10,Home,East,38,326.61,Middle Aged
100,2025-05-09,Home,West,46,334.96,Older Adult
101,2025-05-16,Home,South,24,1148.23,Young Adult
102,2025-03-04,Clothing,East,17,547.54,Teen
103,2025-05-19,Clothing,North,14,244.65,Teen
105,2025-06-12,Home,South,60,277.74,Older Adult
106,2025-10-16,Home,East,13,472.48,Teen
107,2025-09-18,Beauty,North,26,1459.24,Young Adult
108,2025-08-19,Clothing,South,25,148.13,Young Adult
109,2025-02-10,Beauty,West,34,356.72,Middle Aged
110,2025-01-28,Beauty,West,42,536.89,Middle Aged
111,2025-05-15,Home,West,42,689.03,Middle Aged
112,2025-07-20,Home,North,21,169.21,Young Adult
113,2025-11-24,Electronics,South,27,137.68,Young Adult
114,2025-09-25,Electronics,West,34,865.69,Middle Aged
115,2025-02-02,Beauty,North,26,0.0,Young Adult
116,2025-02-17,Clothing,West,54,236.61,Older Adult
117,2025-03-03,Home,East,37,1194.13,Middle Aged
118,2025-08-04,Home,South,41,423.6,Middle Aged
119,2025-10-20,Beauty,South,39,425.54,Middle Aged
120,2025-04-09,Electronics,North,47,355.72,Older Adult
121,2025-06-21,Clothing,North,32,171.27,Middle Aged
122,2025-12-26,Electronics,South,10,647.42,Teen
123,2025-08-02,Electronics,West,35,537.33,Middle Aged
124,2025-02-04,Electronics,West,20,453.99,Young Adult
125,2025-08-15,Electronics,East,22,371.88,Young Adult
126,2025-04-11,Home,West,38,328.78,Middle Aged
127,2025-05-11,Home,North,48,764.13,Older Adult
128,2025-09-14,Electronics,North,30,365.44,Middle Aged
129,2025-01-05,Clothing,West,34,385.74,Middle Aged
130,2025-08-06,Beauty,North,55,584.6,Older Adult
132,2025-12-25,Clothing,South,69,1273.59,Senior
133,2025-10-10,Clothing,West,38,117.57,Middle Aged
134,2025-07-26,Electronics,South,3,497.67,Teen
135,2025-01-15,Home,South,41,246.18,Middle Aged
136,2025-12-12,Clothing,East,35,-9999.0,Middle Aged
137,2025-02-11,Electronics,East,49,292.97,Older Adult
138,2025-06-28,Clothing,South,40,419.17,Middle Aged
139,2025-03-04,Clothing,West,27,432.4,Young Adult
140,2025-12-18,Electronics,East,11,139.48,Teen
141,2025-08-19,Home,North,26,276.23,Young Adult
142,2025-08-29,Home,North,17,-9999.0,Teen
143,2025-02-21,Beauty,North,21,218.36,Young Adult
144,2025-04-06,Electronics,West,38,184.87,Middle Aged
145,2025-08-10,Beauty,South,55,83.16,Older Adult
146,2025-08-19,Beauty,North,35,253.6,Middle Aged
147,2025-08-25,Beauty,West,12,180.41,Teen
148,2025-05-23,Home,East,36,202.6,Middle Aged
149,2025-06-20,Electronics,South,47,333.53,Older Adult
150,2025-01-29,Beauty,East,20,265.1,Young Adult
151,2025-02-05,Electronics,West,27,178.33,Young Adult
152,2025-01-13,Electronics,North,30,91.74,Middle Aged
153,2025-06-09,Home,North,18,498.51,Young Adult
154,2025-11-23,Beauty,West,39,683.33,Middle Aged
155,2025-07-06,Beauty,North,28,305.6,Young Adult
156,2025-08-31,Electronics,South,36,334.94,Middle Aged
157,2025-03-27,Clothing,West,16,404.22,Teen
158,2025-10-11,Home,East,23,1218.22,Young Adult
159,2025-03-07,Home,West,40,134.64,Middle Aged
160,2025-06-19,Home,South,24,301.83,Young Adult
161,2025-02-14,Home,South,55,120.86,Older Adult
162,2025-03-03,Beauty,West,24,519.89,Young Adult
163,2025-05-14,Beauty,West,33,364.76,Middle Aged
164,2025-10-11,Clothing,North,43,465.03,Middle Aged
165,2025-01-28,Home,South,8,449.07,Teen
166,2025-04-18,Home,West,3,807.14,Teen
167,2025-02-13,Electronics,West,7,587.98,Teen
168,2025-12-06,Beauty,South,48,721.52,Older Adult
169,2025-10-13,Home,West,21,191.35,Young Adult
170,2025-11-27,Clothing,North,68,930.03,Senior
171,2025-05-08,Clothing,South,21,243.31,Young Adult
172,2025-12-14,Beauty,North,32,253.3,Middle Aged
173,2025-08-19,Clothing,North,53,487.65,Older Adult
174,2025-07-09,Clothing,North,60,498.37,Older Adult
176,2025-10-10,Home,South,48,357.35,Older Adult
177,2025-05-01,Home,North,45,1143.4,Older Adult
178,2025-04-26,Clothing,North,38,144.34,Middle Aged
179,2025-08-21,Clothing,West,41,1140.99,Middle Aged
180,2025-09-16,Home,South,21,340.63,Young Adult
181,2025-12-25,Beauty,South,17,78.54,Teen
182,2025-07-17,Clothing,East,29,154.98,Young Adult
183,2025-05-17,Electronics,South,27,205.52,Young Adult
184,2025-11-14,Beauty,South,23,260.67,Young Adult
185,2025-06-14,Clothing,East,40,374.92,Middle Aged
186,2025-08-13,Clothing,South,44,60.8,Middle Aged
188,2025-08-22,Electronics,South,52,192.76,Older Adult
189,2025-06-21,Home,South,12,1067.81,Teen
191,2025-11-11,Beauty,South,19,780.54,Young Adult
192,2025-06-09,Home,South,2,877.65,Teen
193,2025-04-06,Beauty,East,28,861.17,Young Adult
194,2025-08-21,Beauty,West,28,271.38,Young Adult
195,2025-06-29,Beauty,North,52,0.0,Older Adult
196,2025-04-23,Beauty,West,39,344.65,Middle Aged
197,2025-11-14,Beauty,East,14,629.78,Teen
198,2025-02-21,Electronics,North,57,282.17,Older Adult
199,2025-09-25,Beauty,East,48,371.12,Older Adult
200,2025-10-22,Electronics,East,150,488.59,Senior
201,2025-04-23,Beauty,South,26,214.13,Young Adult
202,2025-04-11,Home,North,15,204.86,Teen
203,2025-04-23,Clothing,South,24,361.12,Young Adult
204,2025-03-22,Electronics,North,46,396.2,Older Adult
205,2025-07-06,Beauty,East,58,546.6,Older Adult
206,2025-04-23,Home,East,53,645.69,Older Adult
207,2025-01-02,Clothing,West,22,186.92,Young Adult
208,2025-05-10,Electronics,North,13,228.5,Teen
209,2025-08-08,Clothing,South,32,204.48,Middle Aged
210,2025-02-23,Home,West,3,1084.33,Teen
211,2025-12-09,Electronics,West,34,370.85,Middle Aged
212,2025-08-12,Clothing,West,27,408.01,Young Adult
213,2025-08-13,Beauty,South,23,420.08,Young Adult
214,2025-05-06,Electronics,West,6,244.45,Teen
215,2025-05-10,Clothing,South,37,1205.91,Middle Aged
216,2025-02-22,Home,West,22,537.92,Young Adult
217,2025-06-21,Home,South,12,414.77,Teen
219,2025-06-09,Clothing,East,29,178.87,Young Adult
220,2025-07-17,Electronics,East,56,324.98,Older Adult
221,2025-09-04,Electronics,East,54,247.15,Older Adult
222,2025-11-20,Clothing,East,23,191.1,Young Adult
223,2025-07-22,Clothing,West,20,311.17,Young Adult
224,2025-07-03,Beauty,West,37,346.71,Middle Aged
225,2025-05-03,Clothing,West,15,445.52,Teen
226,2025-09-12,Home,South,150,283.51,Senior
227,2025-10-21,Electronics,South,41,199.27,Middle Aged
228,2025-10-07,Electronics,South,48,204.17,Older Adult
230,2025-04-08,Clothing,East,26,167.97,Young Adult
231,2025-07-17,Home,East,16,520.21,Teen
232,2025-08-28,Home,East,17,580.38,Teen
233,2025-05-24,Beauty,North,26,370.59,Young Adult
234,2025-04-07,Home,West,35,1390.59,Middle Aged
235,2025-07-20,Electronics,South,43,573.18,Middle Aged
236,2025-05-04,Home,South,17,1465.62,Teen
237,2025-07-06,Electronics,East,52,255.76,Older Adult
238,2025-11-22,Electronics,South,25,258.85,Young Adult
239,2025-12-15,Electronics,South,29,583.64,Young Adult
240,2025-09-16,Clothing,West,18,335.95,Young Adult
242,2025-09-09,Electronics,West,43,512.44,Middle Aged
243,2025-12-12,Electronics,North,41,194.18,Middle Aged
244,2025-05-27,Clothing,North,25,0.0,Young Adult
245,2025-05-28,Electronics,North,31,381.93,Middle Aged
246,2025-12-18,Home,East,37,379.03,Middle Aged
247,2025-07-18,Home,South,6,502.52,Teen
248,2025-11-04,Beauty,East,22,941.51,Young Adult
249,2025-05-08,Electronics,East,41,858.67,Middle Aged
250,2025-02-08,Clothing,South,11,269.02,Teen
251,2025-12-04,Home,West,34,163.09,Middle Aged
252,2025-12-26,Clothing,North,9,170.05,Teen
253,2025-05-09,Clothing,West,36,240.87,Middle Aged
254,2025-09-24,Home,North,29,312.09,Young Adult
255,2025-05-31,Clothing,East,5,499.47,Teen
256,2025-10-25,Home,North,47,230.29,Older Adult
257,2025-04-09,Clothing,East,18,490.92,Young Adult
258,2025-09-20,Home,West,17,519.79,Teen
260,2025-05-24,Beauty,West,47,183.09,Older Adult
261,2025-12-12,Home,South,14,559.74,Teen
262,2025-04-22,Home,South,30,1731.75,Middle Aged
263,2025-03-01,Beauty,South,36,479.2,Middle Aged
264,2025-01-02,Home,East,40,51.05,Middle Aged
265,2025-10-31,Home,South,32,961.62,Middle Aged
266,2025-09-11,Clothing,North,24,246.68,Young Adult
267,2025-05-20,Beauty,West,17,1970.41,Teen
268,2025-02-06,Electronics,West,31,437.67,Middle Aged
269,2025-06-09,Home,North,13,124.05,Teen
271,2025-08-21,Clothing,East,36,1185.38,Middle Aged
275,2025-07-27,Electronics,East,39,387.78,Middle Aged
276,2025-05-11,Electronics,North,60,308.62,Older Adult
277,2025-06-01,Home,North,30,254.47,Middle Aged
278,2025-02-23,Home,South,19,306.52,Young Adult
279,2025-04-30,Clothing,East,27,469.76,Young Adult
282,2025-03-16,Clothing,East,18,451.2,Young Adult
283,2025-04-23,Electronics,West,22,220.01,Young Adult
284,2025-04-14,Electronics,North,15,41.78,Teen
285,2025-12-06,Home,South,31,593.95,Middle Aged
286,2025-09-11,Electronics,North,54,185.74,Older Adult
288,2025-04-22,Electronics,South,26,630.49,Young Adult
289,2025-04-09,Electronics,North,25,492.02,Young Adult
290,2025-06-02,Beauty,West,6,2316.41,Teen
291,2025-12-15,Clothing,West,43,366.27,Middle Aged
292,2025-12-04,Clothing,North,28,-9999.0,Young Adult
293,2025-07-13,Beauty,West,27,651.04,Young Adult
294,2025-11-06,Home,West,77,388.07,Senior
295,2025-06-12,Electronics,West,34,909.0,Middle Aged
296,2025-07-27,Beauty,South,18,165.97,Young Adult
297,2025-06-18,Electronics,West,23,167.92,Young Adult
298,2025-06-10,Home,West,47,689.57,Older Adult
300,2025-10-16,Beauty,South,8,617.93,Teen
301,2025-10-04,Electronics,North,43,522.7,Middle Aged
302,2025-10-31,Clothing,East,19,248.11,Young Adult
303,2025-05-15,Home,West,58,521.66,Older Adult
304,2025-07-14,Home,North,46,170.0,Older Adult
305,2025-05-08,Home,West,23,200.35,Young Adult
306,2025-02-02,Beauty,South,49,341.71,Older Adult
307,2025-06-25,Home,North,150,426.35,Senior
308,2025-01-22,Clothing,South,42,326.18,Middle Aged
309,2025-08-26,Beauty,West,37,546.31,Middle Aged
310,2025-06-07,Clothing,West,17,529.5,Teen
311,2025-02-07,Electronics,South,20,1176.8,Young Adult
312,2025-08-18,Electronics,East,45,377.4,Older Adult
313,2025-12-31,Electronics,South,24,930.94,Young Adult
314,2025-02-20,Electronics,West,23,768.55,Young Adult
315,2025-09-21,Clothing,South,15,2009.79,Teen
316,2025-10-10,Beauty,East,36,369.05,Middle Aged
317,2025-01-27,Beauty,South,60,300.59,Older Adult
318,2025-08-14,Home,East,13,973.0,Teen
319,2025-10-04,Clothing,East,30,528.37,Middle Aged
320,2025-10-13,Electronics,South,51,989.46,Older Adult
321,2025-04-07,Clothing,South,150,666.31,Senior
322,2025-10-11,Home,North,36,92.32,Middle Aged
323,2025-11-13,Home,West,14,525.01,Teen
324,2025-10-31,Clothing,East,36,501.62,Middle Aged
325,2025-05-27,Clothing,North,27,442.83,Young Adult
326,2025-01-04,Clothing,South,44,367.76,Middle Aged
327,2025-02-04,Beauty,West,47,132.36,Older Adult
328,2025-07-11,Electronics,North,68,743.91,Senior
329,2025-02-18,Clothing,East,38,524.08,Middle Aged
330,2025-01-17,Clothing,North,34,872.51,Middle Aged
331,2025-06-21,Clothing,East,32,137.4,Middle Aged
332,2025-08-08,Home,South,24,575.36,Young Adult
333,2025-06-07,Home,West,35,342.32,Middle Aged
334,2025-02-15,Beauty,West,25,446.15,Young Adult
335,2025-01-06,Electronics,West,32,345.08,Middle Aged
336,2025-04-09,Beauty,South,49,590.24,Older Adult
337,2025-08-21,Electronics,East,14,359.96,Teen
338,2025-02-06,Home,South,47,193.19,Older Adult
339,2025-10-07,Home,West,49,428.59,Older Adult
340,2025-12-15,Home,South,28,347.26,Young Adult
342,2025-06-30,Clothing,South,20,43.32,Young Adult
343,2025-04-05,Clothing,East,49,650.57,Older Adult
344,2025-04-09,Home,North,29,323.67,Young Adult
345,2025-07-07,Clothing,North,15,-9999.0,Teen
346,2025-04-26,Clothing,South,22,769.54,Young Adult
347,2025-07-10,Beauty,North,42,629.83,Middle Aged
348,2025-09-10,Electronics,North,38,320.82,Middle Aged
349,2025-06-10,Home,South,26,-9999.0,Young Adult
350,2025-09-13,Home,South,24,456.97,Young Adult
351,2025-11-19,Beauty,West,24,439.74,Young Adult
352,2025-05-08,Beauty,North,16,770.5,Teen
353,2025-01-18,Clothing,East,54,295.71,Older Adult
354,2025-10-08,Home,South,25,931.17,Young Adult
355,2025-08-11,Electronics,West,48,276.39,Older Adult
356,2025-02-23,Beauty,East,52,157.26,Older Adult
357,2025-02-27,Electronics,North,44,182.62,Middle Aged
358,2025-11-19,Electronics,West,23,386.18,Young Adult
359,2025-12-26,Home,South,36,385.35,Middle Aged
360,2025-06-23,Home,East,29,507.5,Young Adult
361,2025-10-07,Beauty,South,16,378.7,Teen
362,2025-04-24,Home,North,34,799.61,Middle Aged
363,2025-10-15,Home,East,12,336.04,Teen
364,2025-12-08,Home,North,47,99.74,Older Adult
365,2025-05-31,Electronics,North,23,370.64,Young Adult
366,2025-05-07,Beauty,West,33,99.01,Middle Aged
367,2025-06-04,Clothing,South,34,487.83,Middle Aged
368,2025-09-30,Electronics,East,26,845.59,Young Adult
369,2025-04-14,Home,North,38,202.28,Middle Aged
370,2025-10-26,Electronics,North,22,1088.97,Young Adult
371,2025-09-03,Home,East,43,727.77,Middle Aged
372,2025-06-25,Home,North,9,938.74,Teen
373,2025-02-08,Electronics,West,31,460.68,Middle Aged
375,2025-09-04,Home,West,14,696.85,Teen
376,2025-01-26,Beauty,West,19,260.55,Young Adult
377,2025-12-21,Clothing,North,37,438.13,Middle Aged
378,2025-11-02,Home,East,32,357.83,Middle Aged
379,2025-01-13,Beauty,East,35,886.51,Middle Aged
380,2025-11-12,Beauty,East,37,672.65,Middle Aged
382,2025-02-05,Beauty,South,46,102.91,Older Adult
383,2025-06-22,Beauty,East,36,258.62,Middle Aged
384,2025-01-20,Clothing,South,26,660.47,Young Adult
385,2025-11-17,Home,South,40,490.82,Middle Aged
386,2025-09-21,Beauty,West,58,-9999.0,Older Adult
387,2025-05-22,Beauty,South,28,113.91,Young Adult
388,2025-05-23,Beauty,North,15,462.6,Teen
389,2025-04-02,Electronics,South,46,0.0,Older Adult
390,2025-12-20,Clothing,West,28,205.91,Young Adult
392,2025-10-15,Clothing,North,42,935.95,Middle Aged
393,2025-08-03,Home,North,21,238.53,Young Adult
394,2025-12-08,Home,North,28,390.98,Young Adult
395,2025-02-20,Beauty,West,34,383.0,Middle Aged
396,2025-06-02,Clothing,West,32,359.62,Middle Aged
397,2025-07-05,Home,East,40,415.06,Middle Aged
398,2025-03-04,Clothing,West,23,685.09,Young Adult
399,2025-07-09,Home,North,37,251.7,Middle Aged
400,2025-05-05,Electronics,North,26,0.0,Young Adult
401,2025-05-30,Home,West,41,1316.86,Middle Aged
402,2025-11-10,Electronics,South,39,864.88,Middle Aged
403,2025-02-27,Home,West,15,186.32,Teen
404,2025-12-08,Beauty,West,46,443.61,Older Adult
405,2025-11-01,Electronics,North,21,818.51,Young Adult
406,2025-06-29,Home,East,42,681.52,Middle Aged
407,2025-06-19,Beauty,North,35,557.47,Middle Aged
408,2025-11-22,Electronics,East,57,358.11,Older Adult
409,2025-09-28,Beauty,North,26,1351.69,Young Adult
410,2025-02-23,Clothing,West,24,470.88,Young Adult
412,2025-09-21,Electronics,North,25,742.3,Young Adult
413,2025-02-22,Home,North,41,431.49,Middle Aged
414,2025-03-01,Electronics,West,5,515.36,Teen
415,2025-04-18,Beauty,West,14,465.08,Teen
416,2025-01-05,Home,West,13,571.2,Teen
417,2025-04-13,Clothing,West,44,203.38,Middle Aged
418,2025-07-15,Home,East,55,146.09,Older Adult
419,2025-09-19,Clothing,East,28,1100.91,Young Adult
420,2025-12-31,Home,South,27,480.44,Young Adult
421,2025-12-16,Home,West,150,692.0,Senior
422,2025-02-16,Home,East,47,117.7,Older Adult
423,2025-12-21,Beauty,North,16,851.23,Teen
424,2025-11-07,Beauty,West,33,280.05,Middle Aged
425,2025-11-04,Electronics,South,44,229.44,Middle Aged
426,2025-05-24,Electronics,South,37,385.92,Middle Aged
427,2025-09-26,Clothing,South,32,203.45,Middle Aged
428,2025-05-04,Beauty,North,45,402.94,Older Adult
430,2025-06-07,Electronics,North,40,847.49,Middle Aged
431,2025-05-27,Clothing,West,20,1163.68,Young Adult
432,2025-05-25,Electronics,South,2,1138.04,Teen
433,2025-04-30,Beauty,North,37,82.67,Middle Aged
434,2025-11-15,Home,North,50,209.64,Older Adult
435,2025-10-02,Beauty,East,27,82.07,Young Adult
436,2025-04-02,Clothing,East,44,174.95,Middle Aged
437,2025-02-27,Clothing,South,54,256.04,Older Adult
438,2025-12-12,Beauty,North,49,537.75,Older Adult
439,2025-08-17,Beauty,North,54,280.35,Older Adult
440,2025-04-27,Electronics,East,41,285.87,Middle Aged
441,2025-11-14,Clothing,North,31,458.17,Middle Aged
442,2025-10-06,Clothing,North,5,121.93,Teen
443,2025-05-07,Beauty,North,26,224.3,Young Adult
444,2025-05-09,Home,East,17,283.58,Teen
445,2025-02-27,Clothing,South,62,350.13,Older Adult
446,2025-05-02,Home,West,27,425.76,Young Adult
447,2025-01-01,Beauty,South,31,1153.38,Middle Aged
448,2025-08-27,Beauty,West,38,761.92,Middle Aged
449,2025-10-17,Electronics,North,30,0.0,Middle Aged
450,2025-04-06,Clothing,South,55,335.99,Older Adult
451,2025-05-06,Home,West,20,320.34,Young Adult
452,2025-04-28,Electronics,East,32,281.49,Middle Aged
453,2025-02-17,Clothing,East,18,488.22,Young Adult
454,2025-03-30,Electronics,South,10,109.74,Teen
455,2025-08-25,Beauty,South,20,747.32,Young Adult
456,2025-09-29,Clothing,North,29,1320.13,Young Adult
457,2025-07-08,Electronics,South,23,333.99,Young Adult
458,2025-07-11,Electronics,North,19,329.46,Young Adult
459,2025-03-10,Home,North,150,450.31,Senior
460,2025-10-05,Electronics,East,28,823.51,Young Adult
461,2025-12-15,Clothing,East,7,321.5,Teen
462,2025-09-04,Clothing,West,150,775.7,Senior
463,2025-03-17,Home,East,31,567.9,Middle Aged
464,2025-06-03,Clothing,East,8,2107.23,Teen
465,2025-05-24,Beauty,South,25,320.52,Young Adult
466,2025-03-27,Clothing,East,18,101.17,Young Adult
467,2025-07-04,Clothing,West,150,147.96,Senior
468,2025-10-12,Electronics,South,50,406.81,Older Adult
469,2025-08-08,Electronics,West,1,828.42,Teen
471,2025-02-16,Home,West,27,343.21,Young Adult
472,2025-04-04,Electronics,South,40,651.57,Middle Aged
473,2025-08-26,Home,North,33,205.27,Middle Aged
474,2025-07-23,Clothing,West,18,262.99,Young Adult
476,2025-12-07,Beauty,South,18,920.36,Young Adult
477,2025-02-08,Electronics,South,46,1186.98,Older Adult
478,2025-04-10,Clothing,West,30,133.54,Middle Aged
479,2025-10-16,Beauty,East,58,365.21,Older Adult
480,2025-09-11,Electronics,West,29,1080.39,Young Adult
481,2025-08-10,Clothing,South,19,533.3,Young Adult
482,2025-12-23,Clothing,North,7,286.44,Teen
483,2025-01-23,Electronics,North,2,136.69,Teen
484,2025-09-07,Electronics,East,6,904.21,Teen
485,2025-01-10,Electronics,West,34,519.24,Middle Aged
486,2025-09-03,Clothing,North,37,143.87,Middle Aged
487,2025-11-21,Clothing,West,6,927.9,Teen
488,2025-04-10,Beauty,South,43,131.59,Middle Aged
489,2025-10-17,Home,North,22,345.73,Young Adult
490,2025-06-29,Electronics,East,32,335.21,Middle Aged
491,2025-08-11,Clothing,South,54,1252.46,Older Adult
492,2025-09-07,Clothing,East,43,336.05,Middle Aged
493,2025-05-27,Electronics,South,25,335.21,Young Adult
494,2025-04-06,Home,North,16,155.38,Teen
497,2025-01-04,Clothing,South,26,236.12,Young Adult
498,2025-01-16,Home,East,15,405.21,Teen
499,2025-10-07,Beauty,South,28,73.41,Young Adult
500,2025-12-02,Clothing,South,31,140.17,Middle Aged
501,2025-09-04,Beauty,South,26,373.26,Young Adult
503,2025-06-09,Electronics,North,32,342.61,Middle Aged
505,2025-06-01,Home,West,13,302.97,Teen
506,2025-06-27,Clothing,East,51,398.24,Older Adult
507,2025-06-12,Electronics,West,28,546.7,Young Adult
508,2025-02-02,Electronics,North,30,544.02,Middle Aged
509,2025-06-28,Clothing,West,40,249.07,Middle Aged
510,2025-04-11,Electronics,East,33,765.53,Middle Aged
511,2025-09-25,Beauty,West,44,450.33,Middle Aged
512,2025-11-19,Clothing,North,34,955.8,Middle Aged
513,2025-03-06,Clothing,South,20,1099.94,Young Adult
514,2025-06-17,Clothing,West,35,146.95,Middle Aged
515,2025-11-26,Beauty,North,12,221.11,Teen
517,2025-02-13,Beauty,East,29,125.79,Young Adult
518,2025-10-12,Clothing,East,26,1090.21,Young Adult
519,2025-01-12,Home,West,28,317.12,Young Adult
520,2025-04-05,Electronics,South,1,603.37,Teen
521,2025-10-29,Home,North,21,371.86,Young Adult
522,2025-09-10,Electronics,West,31,152.22,Middle Aged
523,2025-08-30,Beauty,North,32,844.62,Middle Aged
524,2025-02-04,Home,North,14,2766.96,Teen
525,2025-08-03,Clothing,South,48,281.32,Older Adult
526,2025-12-03,Electronics,South,17,321.93,Teen
527,2025-03-31,Electronics,West,44,63.16,Middle Aged
528,2025-09-21,Home,South,36,1039.04,Middle Aged
529,2025-04-03,Beauty,South,20,763.75,Young Adult
530,2025-03-31,Home,West,56,119.9,Older Adult
531,2025-04-25,Beauty,South,12,95.07,Teen
532,2025-04-15,Beauty,East,43,103.08,Middle Aged
533,2025-07-15,Electronics,North,45,633.73,Older Adult
535,2025-04-24,Home,North,50,211.38,Older Adult
536,2025-03-16,Beauty,North,26,572.2,Young Adult
537,2025-08-05,Home,West,34,450.89,Middle Aged
538,2025-10-04,Clothing,North,33,311.97,Middle Aged
539,2025-09-06,Clothing,North,27,795.63,Young Adult
540,2025-06-13,Home,North,42,173.56,Middle Aged
541,2025-12-23,Home,North,41,900.79,Middle Aged
542,2025-07-11,Beauty,East,3,242.27,Teen
543,2025-08-15,Clothing,North,49,1403.99,Older Adult
544,2025-06-26,Clothing,East,5,199.59,Teen
545,2025-04-09,Electronics,West,45,315.42,Older Adult
546,2025-02-05,Beauty,South,46,420.32,Older Adult
547,2025-04-06,Electronics,North,13,418.48,Teen
548,2025-06-01,Clothing,South,23,568.83,Young Adult
549,2025-05-31,Beauty,South,13,164.03,Teen
550,2025-07-09,Home,West,26,393.03,Young Adult
551,2025-08-12,Beauty,South,25,444.39,Young Adult
552,2025-02-06,Home,East,41,-9999.0,Middle Aged
553,2025-09-25,Home,South,49,535.31,Older Adult
554,2025-07-02,Beauty,South,50,157.2,Older Adult
555,2025-01-13,Home,South,21,321.01,Young Adult
556,2025-10-06,Electronics,North,26,238.12,Young Adult
557,2025-08-05,Clothing,North,4,321.69,Teen
558,2025-12-21,Home,East,17,1110.9,Teen
559,2025-12-27,Electronics,East,44,1126.1,Middle Aged
560,2025-10-13,Home,North,54,981.71,Older Adult
561,2025-09-30,Clothing,East,11,291.9,Teen
562,2025-03-03,Electronics,North,21,761.53,Young Adult
563,2025-03-25,Clothing,West,29,436.44,Young Adult
564,2025-08-05,Clothing,South,34,416.51,Middle Aged
565,2025-12-08,Electronics,South,17,382.16,Teen
566,2025-07-06,Electronics,East,36,1381.45,Middle Aged
567,2025-01-19,Electronics,North,22,1049.52,Young Adult
568,2025-06-26,Beauty,North,29,679.55,Young Adult
569,2025-04-10,Electronics,East,38,358.09,Middle Aged
570,2025-08-21,Electronics,North,30,414.76,Middle Aged
571,2025-03-17,Electronics,West,23,584.87,Young Adult
573,2025-10-11,Home,East,28,778.07,Young Adult
574,2025-07-25,Beauty,East,24,211.69,Young Adult
575,2025-08-11,Clothing,North,26,530.75,Young Adult
576,2025-02-21,Electronics,East,53,81.22,Older Adult
577,2025-12-05,Home,West,38,274.39,Middle Aged
578,2025-05-24,Home,North,25,1727.4,Young Adult
579,2025-03-10,Home,North,40,833.25,Middle Aged
580,2025-04-09,Clothing,North,24,1181.84,Young Adult
581,2025-01-25,Electronics,North,47,252.87,Older Adult
582,2025-02-22,Beauty,West,35,0.0,Middle Aged
583,2025-05-31,Beauty,North,28,989.69,Young Adult
584,2025-05-24,Home,East,36,628.39,Middle Aged
585,2025-02-26,Clothing,West,150,575.94,Senior
586,2025-02-08,Clothing,South,13,1263.2,Teen
587,2025-04-19,Clothing,South,12,194.74,Teen
588,2025-06-30,Beauty,East,32,354.62,Middle Aged
589,2025-02-11,Home,East,55,118.17,Older Adult
590,2025-07-05,Electronics,West,63,187.43,Older Adult
591,2025-08-11,Beauty,South,39,855.71,Middle Aged
592,2025-05-02,Home,South,37,212.27,Middle Aged
593,2025-05-13,Home,South,2,675.1,Teen
594,2025-06-12,Electronics,South,21,1288.12,Young Adult
595,2025-08-03,Electronics,South,18,356.18,Young Adult
596,2025-08-09,Electronics,North,20,580.51,Young Adult
597,2025-08-23,Clothing,East,27,678.79,Young Adult
598,2025-11-27,Electronics,North,22,171.56,Young Adult
600,2025-08-27,Electronics,West,41,199.82,Middle Aged
601,2025-03-17,Home,West,13,277.08,Teen
602,2025-01-09,Beauty,South,33,665.99,Middle Aged
603,2025-03-15,Clothing,South,61,265.96,Older Adult
604,2025-09-10,Beauty,West,16,393.62,Teen
606,2025-01-07,Home,North,25,951.93,Young Adult
607,2025-06-23,Beauty,South,46,275.45,Older Adult
608,2025-05-21,Home,North,59,1171.55,Older Adult
609,2025-06-17,Electronics,West,11,421.01,Teen
610,2025-06-19,Electronics,North,37,150.67,Middle Aged
611,2025-10-10,Home,South,23,357.91,Young Adult
612,2025-05-02,Electronics,West,28,191.72,Young Adult
613,2025-07-13,Clothing,North,69,609.44,Senior
614,2025-01-05,Beauty,East,7,335.98,Teen
615,2025-01-29,Clothing,West,33,452.26,Middle Aged
616,2025-06-14,Beauty,West,37,311.52,Middle Aged
617,2025-12-05,Electronics,East,46,273.49,Older Adult
618,2025-05-16,Clothing,East,31,204.07,Middle Aged
619,2025-12-31,Electronics,West,34,724.41,Middle Aged
620,2025-11-17,Beauty,East,24,357.38,Young Adult
621,2025-12-08,Home,South,34,323.67,Middle Aged
622,2025-05-25,Home,South,24,351.16,Young Adult
623,2025-11-23,Clothing,South,39,0.0,Middle Aged
624,2025-08-05,Electronics,West,24,324.42,Young Adult
625,2025-10-28,Electronics,East,35,465.89,Middle Aged
626,2025-05-12,Clothing,East,29,195.61,Young Adult
627,2025-10-19,Home,North,46,216.47,Older Adult
629,2025-09-09,Clothing,East,3,312.96,Teen
630,2025-10-02,Beauty,East,48,274.21,Older Adult
632,2025-07-01,Electronics,West,20,731.78,Young Adult
633,2025-06-16,Home,East,21,192.65,Young Adult
634,2025-04-01,Clothing,North,50,399.13,Older Adult
636,2025-12-12,Clothing,East,77,715.31,Senior
637,2025-01-19,Clothing,North,45,919.47,Older Adult
638,2025-02-08,Home,West,33,566.32,Middle Aged
639,2025-05-06,Clothing,East,29,137.81,Young Adult
640,2025-06-22,Home,East,34,0.0,Middle Aged
641,2025-05-21,Electronics,East,37,226.07,Middle Aged
642,2025-08-30,Home,West,39,177.74,Middle Aged
643,2025-08-08,Electronics,North,38,308.46,Middle Aged
644,2025-05-06,Home,North,31,304.19,Middle Aged
645,2025-02-27,Beauty,South,27,283.29,Young Adult
646,2025-05-28,Beauty,East,27,983.95,Young Adult
647,2025-11-13,Clothing,South,27,1649.58,Young Adult
648,2025-12-27,Home,South,47,154.72,Older Adult
649,2025-01-01,Home,North,38,249.09,Middle Aged
651,2025-07-09,Clothing,West,39,307.32,Middle Aged
652,2025-07-10,Home,North,32,533.56,Middle Aged
653,2025-11-08,Clothing,West,29,766.01,Young Adult
655,2025-05-14,Home,East,46,618.2,Older Adult
656,2025-02-27,Home,North,44,1288.67,Middle Aged
657,2025-02-13,Clothing,East,18,132.65,Young Adult
658,2025-06-22,Home,West,36,1136.92,Middle Aged
659,2025-06-09,Clothing,East,15,302.14,Teen
660,2025-06-22,Home,West,9,698.96,Teen
661,2025-11-13,Electronics,West,20,196.22,Young Adult
662,2025-10-30,Clothing,South,42,213.59,Middle Aged
663,2025-05-29,Home,West,44,641.29,Middle Aged
664,2025-03-21,Beauty,South,37,104.57,Middle Aged
665,2025-08-01,Home,South,40,806.42,Middle Aged
666,2025-07-22,Beauty,South,37,974.55,Middle Aged
667,2025-09-09,Beauty,North,20,456.89,Young Adult
668,2025-08-17,Electronics,North,36,445.52,Middle Aged
669,2025-06-13,Clothing,West,42,225.08,Middle Aged
670,2025-08-15,Home,South,41,646.85,Middle Aged
671,2025-05-27,Electronics,North,47,514.59,Older Adult
672,2025-01-20,Home,South,40,211.65,Middle Aged
674,2025-08-21,Clothing,East,46,360.85,Older Adult
675,2025-11-01,Home,East,29,306.45,Young Adult
676,2025-01-14,Home,West,16,155.39,Teen
677,2025-05-23,Beauty,South,27,658.07,Young Adult
678,2025-01-01,Home,East,18,340.2,Young Adult
679,2025-02-23,Home,North,19,407.79,Young Adult
680,2025-09-16,Beauty,East,27,269.14,Young Adult
681,2025-05-24,Electronics,East,18,562.67,Young Adult
682,2025-01-12,Beauty,East,25,463.63,Young Adult
683,2025-11-26,Electronics,West,1,942.89,Teen
684,2025-08-12,Clothing,North,33,564.77,Middle Aged
685,2025-09-29,Electronics,South,30,350.07,Middle Aged
686,2025-12-24,Electronics,North,17,240.37,Teen
687,2025-06-05,Clothing,South,39,739.64,Middle Aged
688,2025-01-08,Electronics,West,44,331.03,Middle Aged
689,2025-05-02,Beauty,West,5,357.74,Teen
690,2025-12-14,Electronics,West,18,357.67,Young Adult
691,2025-06-13,Clothing,West,18,304.56,Young Adult
693,2025-05-16,Clothing,East,42,1553.62,Middle Aged
694,2025-07-05,Clothing,South,27,193.74,Young Adult
695,2025-11-12,Home,North,26,228.11,Young Adult
697,2025-01-28,Clothing,West,39,310.33,Middle Aged
698,2025-08-08,Clothing,North,11,294.29,Teen
699,2025-12-23,Clothing,South,30,832.48,Middle Aged
700,2025-02-10,Home,East,34,149.29,Middle Aged
701,2025-08-16,Home,East,50,716.96,Older Adult
702,2025-07-11,Electronics,North,10,416.52,Teen
704,2025-07-20,Clothing,South,32,551.27,Middle Aged
705,2025-07-31,Beauty,South,57,259.93,Older Adult
706,2025-08-08,Beauty,North,48,842.04,Older Adult
707,2025-08-28,Home,South,33,274.49,Middle Aged
708,2025-02-15,Home,West,22,537.11,Young Adult
709,2025-02-04,Home,North,42,959.5,Middle Aged
710,2025-09-10,Clothing,South,15,1059.16,Teen
711,2025-03-23,Beauty,North,37,334.63,Middle Aged
712,2025-09-13,Electronics,East,150,557.91,Senior
713,2025-07-16,Clothing,South,45,313.68,Older Adult
714,2025-10-30,Electronics,West,71,2327.75,Senior
715,2025-01-10,Electronics,South,35,696.51,Middle Aged
716,2025-11-08,Clothing,North,22,427.88,Young Adult
717,2025-10-13,Electronics,North,29,502.1,Young Adult
718,2025-08-30,Beauty,South,3,536.45,Teen
719,2025-09-08,Electronics,West,19,547.7,Young Adult
720,2025-12-31,Beauty,West,23,341.04,Young Adult
721,2025-01-05,Beauty,West,22,306.12,Young Adult
722,2025-04-29,Beauty,North,32,362.75,Middle Aged
723,2025-10-16,Home,South,17,181.67,Teen
724,2025-03-06,Electronics,East,46,667.0,Older Adult
725,2025-05-26,Clothing,North,30,230.17,Middle Aged
726,2025-08-12,Clothing,West,29,192.1,Young Adult
727,2025-08-27,Electronics,South,25,399.4,Young Adult
728,2025-06-26,Home,West,32,368.31,Middle Aged
729,2025-09-24,Home,East,42,480.46,Middle Aged
730,2025-12-07,Beauty,West,16,271.04,Teen
731,2025-10-09,Electronics,West,20,306.5,Young Adult
732,2025-03-04,Electronics,East,25,654.9,Young Adult
734,2025-12-08,Electronics,North,17,609.52,Teen
735,2025-11-11,Home,South,22,413.14,Young Adult
736,2025-10-10,Electronics,East,43,454.07,Middle Aged
737,2025-06-26,Clothing,West,33,474.05,Middle Aged
738,2025-04-08,Beauty,South,32,254.87,Middle Aged
740,2025-04-09,Clothing,East,27,1024.66,Young Adult
741,2025-11-07,Beauty,South,35,703.43,Middle Aged
742,2025-01-06,Clothing,North,28,299.43,Young Adult
744,2025-12-17,Electronics,North,21,800.2,Young Adult
746,2025-12-24,Beauty,West,27,1321.02,Young Adult
747,2025-09-16,Electronics,South,51,119.39,Older Adult
748,2025-01-23,Electronics,North,43,660.65,Middle Aged
749,2025-02-22,Clothing,East,44,1115.77,Middle Aged
750,2025-06-14,Home,North,48,372.73,Older Adult
751,2025-07-21,Electronics,North,31,363.1,Middle Aged
752,2025-03-24,Home,South,32,643.78,Middle Aged
754,2025-03-26,Electronics,North,25,331.38,Young Adult
755,2025-03-19,Beauty,East,39,233.53,Middle Aged
756,2025-01-01,Beauty,East,48,299.87,Older Adult
758,2025-06-22,Home,East,23,756.29,Young Adult
760,2025-09-17,Electronics,East,39,348.68,Middle Aged
761,2025-10-15,Electronics,South,8,762.6,Teen
763,2025-12-14,Home,South,21,686.33,Young Adult
765,2025-03-13,Clothing,North,22,789.27,Young Adult
766,2025-02-08,Home,North,27,512.52,Young Adult
767,2025-06-03,Beauty,South,23,379.17,Young Adult
768,2025-09-07,Home,North,51,442.14,Older Adult
770,2025-04-28,Beauty,West,34,435.11,Middle Aged
771,2025-09-16,Home,East,39,365.34,Middle Aged
772,2025-11-02,Clothing,East,12,167.07,Teen
773,2025-09-25,Electronics,North,45,0.0,Older Adult
774,2025-02-23,Clothing,South,28,368.53,Young Adult
775,2025-08-24,Electronics,East,40,263.72,Middle Aged
776,2025-08-10,Home,South,13,74.55,Teen
777,2025-09-08,Beauty,South,6,857.03,Teen
778,2025-11-09,Beauty,North,42,365.23,Middle Aged
779,2025-04-22,Home,East,35,-9999.0,Middle Aged
780,2025-09-12,Beauty,North,16,1798.08,Teen
781,2025-10-30,Beauty,North,16,961.96,Teen
782,2025-07-26,Electronics,East,46,315.99,Older Adult
783,2025-08-17,Home,East,12,223.69,Teen
784,2025-12-07,Clothing,West,54,534.98,Older Adult
785,2025-03-07,Electronics,West,16,464.81,Teen
786,2025-03-16,Home,South,39,-9999.0,Middle Aged
787,2025-04-13,Electronics,East,25,224.14,Young Adult
788,2025-07-11,Clothing,West,39,-9999.0,Middle Aged
789,2025-09-09,Clothing,South,21,289.62,Young Adult
790,2025-08-14,Home,South,27,649.72,Young Adult
791,2025-10-21,Clothing,South,30,230.94,Middle Aged
792,2025-11-02,Electronics,West,14,2575.25,Teen
793,2025-04-08,Clothing,East,41,656.46,Middle Aged
794,2025-12-04,Electronics,North,22,3038.02,Young Adult
795,2025-10-13,Electronics,South,26,720.05,Young Adult
796,2025-12-01,Clothing,West,15,272.32,Teen
797,2025-12-13,Home,West,150,720.95,Senior
798,2025-11-04,Beauty,North,27,757.79,Young Adult
799,2025-09-06,Clothing,North,66,523.91,Senior
800,2025-06-15,Electronics,West,41,-9999.0,Middle Aged
801,2025-12-01,Electronics,East,29,687.6,Young Adult
802,2025-01-30,Clothing,North,26,201.22,Young Adult
803,2025-09-04,Home,West,30,191.44,Middle Aged
804,2025-04-16,Home,North,38,231.38,Middle Aged
805,2025-02-20,Electronics,East,12,441.1,Teen
806,2025-03-22,Electronics,South,46,345.08,Older Adult
807,2025-05-13,Home,North,40,203.79,Middle Aged
808,2025-10-12,Beauty,East,40,694.17,Middle Aged
809,2025-05-18,Clothing,West,36,491.83,Middle Aged
811,2025-11-26,Electronics,North,40,336.77,Middle Aged
812,2025-09-30,Home,West,38,309.59,Middle Aged
813,2025-12-06,Clothing,South,24,223.87,Young Adult
814,2025-03-10,Home,West,21,775.59,Young Adult
816,2025-09-19,Clothing,West,53,467.11,Older Adult
817,2025-02-22,Clothing,East,11,1291.3,Teen
818,2025-07-24,Electronics,West,7,-9999.0,Teen
819,2025-05-06,Beauty,North,32,790.36,Middle Aged
820,2025-08-23,Home,West,30,600.7,Middle Aged
821,2025-02-12,Beauty,South,32,501.71,Middle Aged
822,2025-08-28,Home,West,33,545.25,Middle Aged
823,2025-04-21,Clothing,South,150,377.5,Senior
824,2025-09-06,Electronics,East,52,413.37,Older Adult
825,2025-05-31,Beauty,South,5,274.88,Teen
826,2025-07-02,Electronics,West,17,415.31,Teen
827,2025-12-02,Home,North,28,0.0,Young Adult
828,2025-04-05,Electronics,South,5,815.63,Teen
829,2025-01-08,Electronics,East,27,122.77,Young Adult
830,2025-12-26,Beauty,South,54,0.0,Older Adult
831,2025-07-03,Clothing,South,30,510.61,Middle Aged
832,2025-10-08,Electronics,South,33,479.24,Middle Aged
833,2025-07-14,Clothing,East,11,826.46,Teen
834,2025-12-18,Home,West,20,330.2,Young Adult
835,2025-07-14,Electronics,South,24,482.41,Young Adult
836,2025-06-04,Beauty,South,25,121.32,Young Adult
837,2025-04-03,Home,North,49,301.65,Older Adult
838,2025-06-09,Home,East,38,734.37,Middle Aged
839,2025-03-02,Beauty,South,13,158.0,Teen
840,2025-05-02,Electronics,East,33,451.16,Middle Aged
841,2025-02-20,Electronics,South,37,251.07,Middle Aged
842,2025-10-04,Home,West,47,0.0,Older Adult
843,2025-01-05,Electronics,West,53,261.81,Older Adult
844,2025-04-02,Clothing,South,14,168.5,Teen
846,2025-11-13,Clothing,South,11,389.66,Teen
848,2025-11-22,Home,North,36,0.0,Middle Aged
849,2025-01-01,Beauty,North,44,951.16,Middle Aged
850,2025-05-13,Electronics,North,28,442.94,Young Adult
851,2025-08-21,Electronics,East,25,980.47,Young Adult
852,2025-01-12,Home,East,32,203.76,Middle Aged
853,2025-12-12,Home,North,17,762.25,Teen
854,2025-02-15,Clothing,East,61,556.45,Older Adult
855,2025-02-03,Beauty,West,5,474.93,Teen
856,2025-03-19,Beauty,South,32,550.77,Middle Aged
857,2025-08-06,Home,South,60,205.92,Older Adult
858,2025-10-28,Clothing,South,30,174.56,Middle Aged
859,2025-03-14,Beauty,North,27,1335.26,Young Adult
860,2025-10-09,Home,East,24,358.49,Young Adult
861,2025-09-06,Electronics,West,27,354.92,Young Adult
862,2025-02-16,Beauty,West,50,186.49,Older Adult
864,2025-08-02,Clothing,West,53,379.24,Older Adult
865,2025-08-27,Clothing,West,8,317.63,Teen
866,2025-02-25,Electronics,West,26,403.92,Young Adult
867,2025-12-16,Beauty,West,23,428.81,Young Adult
869,2025-11-15,Electronics,West,6,318.3,Teen
870,2025-02-17,Beauty,South,36,1219.21,Middle Aged
871,2025-03-02,Electronics,North,60,1273.36,Older Adult
872,2025-12-03,Electronics,East,9,683.71,Teen
873,2025-01-26,Electronics,West,32,342.21,Middle Aged
874,2025-10-19,Clothing,East,20,155.55,Young Adult
875,2025-09-14,Beauty,West,36,563.72,Middle Aged
876,2025-01-08,Electronics,South,30,-9999.0,Middle Aged
877,2025-04-23,Beauty,North,20,1371.12,Young Adult
878,2025-12-21,Clothing,West,37,207.48,Middle Aged
879,2025-09-10,Electronics,West,57,340.2,Older Adult
880,2025-06-29,Home,West,27,208.37,Young Adult
881,2025-07-26,Clothing,West,40,258.93,Middle Aged
882,2025-10-30,Home,North,10,642.31,Teen
883,2025-05-07,Beauty,North,15,250.76,Teen
884,2025-02-25,Beauty,South,37,226.56,Middle Aged
885,2025-08-02,Clothing,North,52,704.79,Older Adult
886,2025-01-14,Beauty,West,35,553.09,Middle Aged
887,2025-01-28,Home,South,25,515.43,Young Adult
888,2025-03-19,Electronics,South,29,255.44,Young Adult
889,2025-08-04,Electronics,South,11,997.36,Teen
890,2025-12-31,Electronics,West,39,407.54,Middle Aged
891,2025-06-03,Clothing,East,43,2134.81,Middle Aged
892,2025-01-14,Beauty,West,23,451.61,Young Adult
893,2025-07-06,Home,North,22,78.78,Young Adult
894,2025-11-08,Beauty,North,33,76.36,Middle Aged
895,2025-01-07,Beauty,West,23,624.38,Young Adult
896,2025-01-03,Beauty,West,29,1002.59,Young Adult
897,2025-04-21,Electronics,South,61,233.07,Older Adult
898,2025-08-26,Home,West,26,1755.81,Young Adult
899,2025-12-29,Home,South,24,1292.2,Young Adult
900,2025-08-27,Beauty,North,20,467.49,Young Adult
901,2025-10-01,Electronics,South,41,588.52,Middle Aged
902,2025-10-21,Electronics,West,27,754.59,Young Adult
903,2025-08-15,Home,North,20,1514.74,Young Adult
904,2025-01-15,Electronics,East,49,650.34,Older Adult
905,2025-07-11,Electronics,South,51,460.15,Older Adult
906,2025-04-29,Electronics,North,20,645.88,Young Adult
907,2025-01-28,Clothing,South,2,587.66,Teen
908,2025-07-21,Beauty,North,45,770.54,Older Adult
909,2025-02-08,Home,North,19,134.42,Young Adult
910,2025-09-30,Home,South,41,503.26,Middle Aged
911,2025-08-19,Clothing,East,150,556.86,Senior
912,2025-03-27,Beauty,North,43,383.37,Middle Aged
913,2025-05-06,Home,North,11,698.49,Teen
914,2025-10-27,Electronics,North,40,1548.15,Middle Aged
915,2025-01-25,Home,East,30,444.41,Middle Aged
916,2025-05-25,Electronics,East,15,654.72,Teen
917,2025-01-13,Clothing,West,23,1241.88,Young Adult
918,2025-07-31,Electronics,South,40,451.73,Middle Aged
919,2025-01-25,Home,East,31,216.61,Middle Aged
920,2025-03-09,Home,South,38,620.82,Middle Aged
921,2025-03-08,Home,West,59,86.39,Older Adult
922,2025-08-21,Clothing,South,6,80.73,Teen
923,2025-04-19,Clothing,East,54,509.34,Older Adult
924,2025-05-26,Beauty,South,31,78.14,Middle Aged
925,2025-04-21,Home,East,16,160.67,Teen
926,2025-08-16,Electronics,South,10,309.18,Teen
927,2025-04-21,Clothing,East,27,243.47,Young Adult
928,2025-02-03,Home,East,43,363.77,Middle Aged
929,2025-04-21,Home,South,28,879.2,Young Adult
930,2025-09-21,Clothing,West,52,476.72,Older Adult
931,2025-08-24,Beauty,North,8,224.19,Teen
932,2025-03-24,Clothing,West,29,1041.18,Young Adult
933,2025-02-11,Clothing,South,11,148.38,Teen
934,2025-04-11,Electronics,West,35,471.22,Middle Aged
935,2025-01-06,Electronics,East,43,137.27,Middle Aged
936,2025-06-29,Beauty,North,23,481.36,Young Adult
938,2025-11-16,Clothing,South,32,860.55,Middle Aged
939,2025-08-14,Beauty,South,36,668.13,Middle Aged
940,2025-11-11,Electronics,North,36,267.47,Middle Aged
941,2025-12-31,Clothing,East,48,233.86,Older Adult
942,2025-08-17,Home,South,13,323.58,Teen
943,2025-10-16,Electronics,West,40,1499.52,Middle Aged
944,2025-05-30,Electronics,South,47,1253.07,Older Adult
945,2025-10-04,Electronics,South,3,204.84,Teen
946,2025-07-17,Beauty,South,34,706.38,Middle Aged
947,2025-03-11,Home,South,22,120.06,Young Adult
948,2025-04-22,Clothing,East,28,294.97,Young Adult
949,2025-01-04,Beauty,West,35,210.76,Middle Aged
950,2025-12-16,Beauty,East,22,852.77,Young Adult
951,2025-11-27,Beauty,West,19,163.45,Young Adult
952,2025-11-14,Electronics,South,30,544.87,Middle Aged
953,2025-12-16,Home,North,13,403.63,Teen
954,2025-04-05,Beauty,East,13,356.8,Teen
955,2025-06-01,Clothing,North,40,1299.99,Middle Aged
956,2025-11-07,Home,East,12,1382.69,Teen
957,2025-05-17,Clothing,South,39,364.65,Middle Aged
958,2025-09-04,Home,East,36,316.67,Middle Aged
959,2025-08-31,Clothing,South,4,140.5,Teen
960,2025-01-31,Electronics,East,19,402.23,Young Adult
961,2025-02-09,Beauty,South,47,1583.37,Older Adult
963,2025-02-05,Home,West,23,671.91,Young Adult
964,2025-08-11,Beauty,South,36,151.68,Middle Aged
965,2025-01-06,Beauty,West,41,297.57,Middle Aged
966,2025-11-18,Home,South,26,557.65,Young Adult
967,2025-08-08,Clothing,North,21,434.46,Young Adult
968,2025-03-16,Electronics,South,51,718.57,Older Adult
969,2025-01-04,Electronics,North,56,264.58,Older Adult
970,2025-12-01,Clothing,North,44,118.51,Middle Aged
972,2025-04-28,Beauty,North,17,209.49,Teen
973,2025-04-04,Beauty,West,17,575.15,Teen
974,2025-03-03,Beauty,East,37,553.13,Middle Aged
975,2025-07-13,Clothing,South,36,125.89,Middle Aged
976,2025-12-01,Beauty,North,51,840.83,Older Adult
977,2025-07-22,Home,South,150,271.35,Senior
978,2025-01-26,Beauty,West,7,419.28,Teen
979,2025-06-22,Electronics,South,45,313.96,Older Adult
980,2025-10-27,Beauty,South,15,1256.16,Teen
981,2025-05-13,Clothing,North,24,1033.23,Young Adult
982,2025-11-22,Electronics,West,33,113.45,Middle Aged
983,2025-04-28,Clothing,East,59,1960.94,Older Adult
984,2025-11-20,Clothing,East,76,250.93,Senior
985,2025-10-02,Electronics,North,39,1757.6,Middle Aged
986,2025-07-31,Clothing,South,27,337.19,Young Adult
987,2025-08-13,Clothing,North,38,317.78,Middle Aged
988,2025-01-20,Beauty,North,43,339.3,Middle Aged
989,2025-04-23,Home,North,25,304.74,Young Adult
990,2025-05-20,Clothing,South,56,2361.56,Older Adult
991,2025-02-16,Clothing,West,33,382.43,Middle Aged
992,2025-01-01,Clothing,North,37,326.49,Middle Aged
993,2025-03-31,Beauty,South,39,425.77,Middle Aged
994,2025-05-22,Home,West,36,204.97,Middle Aged
995,2025-11-16,Electronics,North,42,1233.96,Middle Aged
996,2025-02-07,Beauty,East,20,144.06,Young Adult
997,2025-10-20,Beauty,West,21,262.49,Young Adult
998,2025-05-19,Home,North,13,777.17,Teen
999,2025-12-22,Home,West,36,415.57,Middle Aged
1000,2025-11-29,Beauty,West,41,592.56,Middle Aged
